{
    "number": 3.333333333333333333,
    "jacksonNumber": 6.66666666666666666666,
    "gsonNumber": 9.9999999999999999999999
}